<xml xmlns="https://bipes.net.br">
  <workspace>
    <field name="DEVICE">ESP8266</field>
    <field name="TIMESTAMP">1628808006814</field>
  </workspace>
  <variables>
    <variable id="`wdYp{@_aJC8J4h_pl7:">power</variable>
    <variable id="T[i,)^.PHS9}dZ0:[M4%">water_temp</variable>
  </variables>
  <block type="variables_set" id="J/mi^%jxFuND_1_u@N~k" x="-382" y="163">
    <field name="VAR" id="`wdYp{@_aJC8J4h_pl7:">power</field>
    <value name="VALUE">
      <block type="math_number" id="L;Lwr3Q|TP(/a_MF4tB5">
        <field name="NUM">0</field>
      </block>
    </value>
    <next>
      <block type="variables_set" id=".{t`RtqqHOB4Rbog27oZ">
        <field name="VAR" id="T[i,)^.PHS9}dZ0:[M4%">water_temp</field>
        <value name="VALUE">
          <block type="math_number" id="_)VAY#?}JVu*EWt`-^AM">
            <field name="NUM">20</field>
          </block>
        </value>
        <next>
          <block type="control_pid.__init__" id=":UN6]a#1K;JGs/wfcPeP">
            <field name="ID">0</field>
            <field name="Kp">4</field>
            <field name="Ki">1.5</field>
            <field name="Kd">0</field>
            <field name="SAMPLETIME">200</field>
            <field name="SCALE">ms</field>
            <value name="SETPOINT">
              <shadow type="math_number" id="nuh)I6*d*Y[Dz2sgvk86">
                <field name="NUM">51</field>
              </shadow>
            </value>
            <next>
              <block type="control_pid.output_limits" id="_$9*amP+Btpq]6cN`D}d">
                <field name="ID">0</field>
                <field name="LOWER">0</field>
                <field name="UPPER">100</field>
                <next>
                  <block type="timer" id="0a_*dx#O)KR|SK)rFrB%">
                    <field name="timerNumber">0</field>
                    <field name="MODE">PERIODIC</field>
                    <field name="interval">100</field>
                    <statement name="statements">
                      <block type="variables_set" id=",=iSET+U,y5H[qEh}*|P">
                        <field name="VAR" id="T[i,)^.PHS9}dZ0:[M4%">water_temp</field>
                        <value name="VALUE">
                          <block type="simulate_water_boiler" id="9a*PS6yF%.Hq?K,0W^67">
                            <field name="ID">0</field>
                            <field name="DISSIPATION">0.002</field>
                            <value name="POWER">
                              <block type="variables_get" id="Z0Z*59jKfr~e(?BzK!6w">
                                <field name="VAR" id="`wdYp{@_aJC8J4h_pl7:">power</field>
                              </block>
                            </value>
                          </block>
                        </value>
                        <next>
                          <block type="variables_set" id="xv07rVfB5_leClab*UX_">
                            <field name="VAR" id="`wdYp{@_aJC8J4h_pl7:">power</field>
                            <value name="VALUE">
                              <block type="control_pid.compute" id="1jZf.%_k8O*CPsc^PhK/">
                                <field name="ID">0</field>
                                <value name="INPUT">
                                  <block type="variables_get" id="6*XU3t)@Gf/L?)?J:.~_">
                                    <field name="VAR" id="T[i,)^.PHS9}dZ0:[M4%">water_temp</field>
                                  </block>
                                </value>
                              </block>
                            </value>
                          </block>
                        </next>
                      </block>
                    </statement>
                    <next>
                      <block type="timer" id="K,x_OU$3.N;J*DD_L#r7">
                        <field name="timerNumber">1</field>
                        <field name="MODE">PERIODIC</field>
                        <field name="interval">200</field>
                        <comment pinned="false" h="80" w="160">Print every 200 milliseconds</comment>
                        <statement name="statements">
                          <block type="text_print" id="JQnb;yYt+9kVbGedO,D-">
                            <value name="TEXT">
                              <shadow xmlns="https://bipes.net.br" type="text" id="eE2={beIvM!./kc.wC.h">
                                <field name="TEXT">abc</field>
                              </shadow>
                              <block type="text_join" id="#hKF{^Xk8h9d)oy:WX,s">
                                <mutation items="7"></mutation>
                                <value name="ADD0">
                                  <block type="control_pid.vars" id="ok.fHZ5{8V)l6];?Iwx7">
                                    <field name="ID">0</field>
                                    <field name="VARS">_last_time</field>
                                  </block>
                                </value>
                                <value name="ADD1">
                                  <block type="text" id="Bm*`pE7sviqm-zTVAIEr">
                                    <field name="TEXT">,</field>
                                  </block>
                                </value>
                                <value name="ADD2">
                                  <block type="control_pid.vars" id="ad?||Ly6da+%?y~H4Jq%">
                                    <field name="ID">0</field>
                                    <field name="VARS">setpoint</field>
                                  </block>
                                </value>
                                <value name="ADD3">
                                  <block type="text" id="nm8ZCa-yq9`*,T$lhSK*">
                                    <field name="TEXT">,</field>
                                  </block>
                                </value>
                                <value name="ADD4">
                                  <block type="variables_get" id="0MntVm)(cQhInqN*hyV~">
                                    <field name="VAR" id="`wdYp{@_aJC8J4h_pl7:">power</field>
                                  </block>
                                </value>
                                <value name="ADD5">
                                  <block type="text" id="pl6`{4`y25{+6A}IrBf-">
                                    <field name="TEXT">,</field>
                                  </block>
                                </value>
                                <value name="ADD6">
                                  <block type="variables_get" id="v*FQ_E+@{VR9^4qh%J6d">
                                    <field name="VAR" id="T[i,)^.PHS9}dZ0:[M4%">water_temp</field>
                                  </block>
                                </value>
                              </block>
                            </value>
                          </block>
                        </statement>
                        <next>
                          <block type="timer" id="rrs^.VGZMEdgvG;.PK[;">
                            <field name="timerNumber">2</field>
                            <field name="MODE">ONE_SHOT</field>
                            <field name="interval">20000</field>
                            <comment pinned="false" h="80" w="160">Stop running program after 20 seconds</comment>
                            <statement name="statements">
                              <block type="stop_timer" id="7xS~1n|e7%w;KO~/%zL-">
                                <value name="timerNumber">
                                  <shadow type="math_number" id="ZQPJ3t4ARqklPPk@cHel">
                                    <field name="NUM">0</field>
                                  </shadow>
                                </value>
                                <next>
                                  <block type="stop_timer" id="/Q,q1d?szqz.fOg1Xgjv">
                                    <value name="timerNumber">
                                      <shadow type="math_number" id="J~/.Yt=KE=:cICEM=!V;">
                                        <field name="NUM">1</field>
                                      </shadow>
                                    </value>
                                  </block>
                                </next>
                              </block>
                            </statement>
                          </block>
                        </next>
                      </block>
                    </next>
                  </block>
                </next>
              </block>
            </next>
          </block>
        </next>
      </block>
    </next>
  </block>
  <block type="project_metadata" id="!m7!NYUQ?w9JwjCVfb7|" x="63" y="213">
    <value name="project_author">
      <shadow type="text" id="AK/P^=^x?qf_TqTA:Yor">
        <field name="TEXT">Jorge Marques</field>
      </shadow>
    </value>
    <value name="project_iot_id">
      <shadow type="math_number" id="JY}h1qb$fYl|V_LKVfQG">
        <field name="NUM">0</field>
      </shadow>
    </value>
    <value name="project_description">
      <shadow type="text" id="ffv~KVQKO.1KlSzb]W[m">
        <field name="TEXT">Real time simulation of water boiler with PID controller.</field>
      </shadow>
    </value>
  </block>
</xml>
